{
  "timestamp": "2026-01-11 16:04:04",
  "safe": 20.062255859375,
  "rocks": 52.738444010416664,
  "crater": 0.0,
  "source": "\ud83d\udfe2 Edge",
  "latency_ms": 1180.678129196167,
  "data_sent_kb": 0
}